<?xml version="1.0" encoding="utf-8" ?>
<dwsync>
<file name="slides.min.jquery.js" server="www.sudzandink.com" local="129973163460000000" remote="130114826400000000" Dst="2" />
<file name="jquery.easing.1.3.js" server="www.sudzandink.com" local="129670084440000000" remote="130114826400000000" Dst="2" />
<file name="jquery.galleryview-3.0-dev.js" server="www.sudzandink.com" local="129686950920000000" remote="130016418000000000" Dst="1" />
<file name="jquery.history.js" server="www.sudzandink.com" local="129026910380000000" remote="130016418000000000" Dst="1" />
<file name="jquery-1.3.2.js" server="www.sudzandink.com" local="129026910380000000" remote="130016418000000000" Dst="1" />
<file name="jquery.opacityrollover.js" server="www.sudzandink.com" local="129026910380000000" remote="130016418000000000" Dst="1" />
<file name="jquery.slideviewer.1.2.js" server="www.sudzandink.com" local="129700235100000000" remote="130016418000000000" Dst="1" />
<file name="jquery.timers-1.2.js" server="www.sudzandink.com" local="129670120460000000" remote="130016418000000000" Dst="1" />
<file name="script.js" server="www.sudzandink.com" local="129300679640000000" remote="130114826400000000" Dst="2" />
<file name="jquery.galleriffic.js" server="www.sudzandink.com" local="129026874380000000" remote="130016418000000000" Dst="1" />
<file name="click_gallery.js" server="www.sudzandink.com" local="129973311640000000" remote="130016418000000000" Dst="1" />
<file name="jush.js" server="www.sudzandink.com" local="129026910380000000" remote="130016418000000000" Dst="1" />
</dwsync>