<?xml version="1.0" encoding="utf-8" ?>
<dwsync>
<file name="sudz-text.png" server="www.sudzandink.com" local="130016462320000000" remote="130016418000000000" Dst="1" />
<file name="footer.jpg" server="www.sudzandink.com" local="129959144400000000" remote="130114826400000000" Dst="2" />
<file name="sudz-bg.jpg" server="www.sudzandink.com" local="130016332960000000" remote="130114826400000000" Dst="2" />
<file name="logo.png" server="www.sudzandink.com" local="129959231120000000" remote="130016418000000000" Dst="1" />
<file name="phone.png" server="www.sudzandink.com" local="129991321000000000" remote="130016418000000000" Dst="1" />
<file name="email-text.png" server="www.sudzandink.com" local="129991322340000000" remote="130016418000000000" Dst="1" />
<file name="phone-text.png" server="www.sudzandink.com" local="129991322760000000" remote="130016418000000000" Dst="1" />
<file name="briana-pic.jpg" server="www.sudzandink.com" local="130016373220000000" remote="130016418000000000" Dst="1" />
<file name="sudz-text.jpg" server="www.sudzandink.com" local="130016462320000000" remote="130016418000000000" Dst="1" />
<file name="quote.png" server="www.sudzandink.com" local="130017064160000000" remote="130016418000000000" Dst="1" />
<file name="hr.png" server="www.sudzandink.com" local="130503469350736783" remote="130666016400000000" Dst="1" />
<file name="dot.png" server="www.sudzandink.com" local="130507011564906018" remote="130666016400000000" Dst="1" />
<file name="bg.png" server="www.sudzandink.com" local="130510533136992192" remote="130666016400000000" Dst="1" />
<file name="comment.png" server="www.sudzandink.com" local="130605493869160791" remote="130666016400000000" Dst="1" />
<file name="comment2.png" server="www.sudzandink.com" local="130605494752262509" remote="130666016400000000" Dst="1" />
<file name="socialmedia_sprite.jpg" server="www.sudzandink.com" local="130552787274512704" remote="130666016400000000" Dst="1" />
</dwsync>