<?xml version="1.0" encoding="utf-8" ?>
<dwsync>
<file name="img-loader.gif" server="ftp.spaceforaname.com/public_html/candaceandjack.com/" local="3405379623" remote="20585248807" Dst="-1" />
<file name="loader.gif" server="ftp.spaceforaname.com/public_html/candaceandjack.com/" local="3405379625" remote="20585248809" Dst="-1" />
<file name="img-loader.gif" server="ftp.spaceforaname.com/public_html/" local="3405379623" remote="16291934727" Dst="-1" />
<file name="loader.gif" server="ftp.spaceforaname.com/public_html/" local="3405379625" remote="16291934729" Dst="-1" />
<file name="img-loader.gif" server="www.sudzandink.com" local="129670120240000000" remote="130016418000000000" Dst="1" />
<file name="loader.gif" server="www.sudzandink.com" local="129670120260000000" remote="130016418000000000" Dst="1" />
<file name="main.css" server="www.sudzandink.com" local="130666130142274856" remote="130666057800000000" Dst="1" />
<file name="main-blog.css" server="www.sudzandink.com" local="130666102210056904" remote="130666030800000000" Dst="1" />
</dwsync>