<?xml version="1.0" encoding="utf-8"?>
<!DOCTYPE install PUBLIC "-//Joomla! 1.7//DTD template 1.0//EN" "http://www.joomla.org/xml/dtd/1.6/template-install.dtd">
<extension version="3.3" type="template" client="site">
	<name>index</name>
	<creationDate>March 20, 2015</creationDate>
	<author>Gregory Rothstein</author>
	<authorEmail>contact@gregory-rothstein.com</authorEmail>
	<authorUrl>http://www.gregory-rothstein.com</authorUrl>
	<copyright>Copyright (C) 2015 Sudz and Ink, Inc. All rights reserved.</copyright>
	<license>GNU General Public License version 2 or later; see LICENSE.txt</license>
	<version>3.4.0</version>
	<description>Index page for Sudz and Ink website.</description>

	<files>
		<folder>css</folder>
		<folder>js</folder>
		<folder>images</folder>
		<folder>fancybox</folder>
		<filename>index.php</filename>		
		<filename>templateDetails.xml</filename>
		<filename>template_preview.png</filename>
		<filename>template_thumbnail.png</filename>
		<filename>favicon.ico</filename>
	</files>

	<positions>
		<position>logo</position>		
		<position>navigation</position>
	</positions>
	
</extension>
